trial,phase,trial_n,item0_color,item0_x,item0_y,item0_angle_rad,item0_angle_deg,item1_color,item1_x,item1_y,item1_angle_rad,item1_angle_deg,item2_color,item2_x,item2_y,item2_angle_rad,item2_angle_deg,item3_color,item3_x,item3_y,item3_angle_rad,item3_angle_deg,item4_color,item4_x,item4_y,item4_angle_rad,item4_angle_deg
0,practice,1,yellow,0.07481637713140508,0.21219686546443461,1.2318248915387886,70.57836738433298,green,-0.20610980345645774,-0.09024272225027545,3.554286832122909,203.64563465956599,orange,-0.1440114673648281,0.17287480229180033,2.265360923939225,129.7956200155743,magenta,0.2208424117550231,0.043053793912091465,0.1925375765524373,11.03159053413168,black,0.15865556058416444,0.15954125828676585,0.7881816463321516,45.15948182450518
1,practice,2,blue,0.1243904537059391,-0.1874887063980938,5.2981653216035305,303.5625120904548,red,0.2233220224806379,0.02742761883863536,0.12220446665893103,7.001800177203904,white,-0.12063597423874337,-0.18992620071877722,4.146507749589478,237.57739376976588,cyan,-0.22483715010447075,-0.008558967980994293,3.179641691402903,182.1800492812249,magenta,0.19414183644491,-0.11372751356552997,5.753275389087431,329.6383981711963
2,practice,3,white,-0.15032007409305465,0.16741826460890866,2.3024341691273036,131.91976049770489,orange,0.19428692367053876,0.11347947519546542,0.5286327812690392,30.28842727897836,cyan,0.15862885491520348,-0.15956781125368402,5.494836284414436,314.8309282122941,black,-0.1957640878597607,0.11091177531910619,2.626125651720918,150.46591631465134,red,0.16981267499009656,0.14760980798276188,0.7155645380072331,40.998827997043065
3,practice,4,black,0.023613325355328847,0.22375748225626643,1.4656546013363028,83.97582288049938,yellow,0.1933581150651646,0.11505494052167671,0.5367611280529307,30.75414724411405,blue,-0.17480683524793894,0.1416600520633814,2.4605541055512257,140.97936551167254,magenta,-0.21906956696064986,-0.05131788023363146,3.3716973562067953,193.18402830606715,green,0.14534311671861158,-0.17175674200019064,5.414681498832638,310.23839729068095
