trial,phase,item0_color,item0_x,item0_y,item0_angle_rad,item0_angle_deg,item1_color,item1_x,item1_y,item1_angle_rad,item1_angle_deg,item2_color,item2_x,item2_y,item2_angle_rad,item2_angle_deg,item3_color,item3_x,item3_y,item3_angle_rad,item3_angle_deg,item4_color,item4_x,item4_y,item4_angle_rad,item4_angle_deg
0,practice,orange,0.21363081228463338,0.0706178167505039,0.319252546353642,18.291823504868375,cyan,-0.2142983402774242,-0.06856545306742534,3.4512532011984227,197.74224245968435,yellow,0.04770963971296508,0.21988358346738637,1.3571314617811003,77.75790500447704,blue,0.1705268805295847,-0.14678413748375113,5.572472799245132,319.27917284819773,red,-0.09915011416004567,-0.20197587693100855,4.256047214291609,243.8535427873203
1,practice,white,0.20688454777939558,0.08845215593819632,0.4040230909618152,23.14881793794217,black,-0.06720277762809737,-0.21472956638308685,4.409080797439923,252.62172122548304,blue,0.16259529062397549,-0.1555241829006182,5.520011320861105,316.2733515497762,green,-0.1939867718131406,0.1139918083088277,2.6103208430896867,149.56036748406984,yellow,0.04776217295443393,-0.2198721784007034,4.926292765479923,282.2557841078303
2,practice,white,0.14228933798005575,-0.17429499217475372,5.397032695659068,309.2271953553784,cyan,-0.1838347584221231,0.12972964809895865,2.5270606479220046,144.7899096995261,magenta,0.1093332241061611,0.19665006002173493,1.0633746143577407,60.926877444050035,red,-0.10227527931196093,0.20041149478425727,2.042670898029466,117.03642139128613,blue,0.22426892276844804,-0.018123197297383632,6.202550410870913,355.379960760038
3,practice,cyan,-0.1588332316098215,-0.1593643766228225,3.9286600454979053,225.0956397487039,magenta,-0.11954438744992685,0.19061516054401803,2.130940552859676,122.09390007213375,black,0.1540888249927697,0.1639561954070281,0.8164132890737363,46.77703580231912,green,0.13743166538248172,-0.17815032234098702,5.369468901577719,307.6479062871492,orange,0.21142859298079672,0.07696070471455288,0.34909504433803473,20.00167268950173
