trial,phase,trial_n,item0_color,item0_x,item0_y,item0_angle_rad,item0_angle_deg,item1_color,item1_x,item1_y,item1_angle_rad,item1_angle_deg,item2_color,item2_x,item2_y,item2_angle_rad,item2_angle_deg,item3_color,item3_x,item3_y,item3_angle_rad,item3_angle_deg,item4_color,item4_x,item4_y,item4_angle_rad,item4_angle_deg
0,practice,1,orange,0.22231518974280978,-0.03465481798564934,6.128548335186317,351.139954148103,red,-0.12095515251741029,0.18972309052798508,2.1383589946997077,122.51894548013081,cyan,0.12600634013267867,-0.18640655097492603,5.306808792386745,304.0577464866776,yellow,0.2068270902307668,0.08858642529572038,0.40467218729111165,23.18600841810826,magenta,-0.015211459693724673,0.22448521442176583,1.6384544213250927,93.87652326647742
1,practice,2,black,0.1475319882013226,-0.1698802886074921,5.427495341223613,310.97257637902965,white,0.2073792487036632,-0.08728600808322154,5.884792178500944,337.1737551397015,green,0.16268561783110508,0.15542969391629008,0.7625930178127107,43.69336140681315,blue,-0.17146647922145322,0.14568543682674306,2.43730539834399,139.64731270956253,magenta,-0.11953995692638601,-0.19061793907719646,4.152267997440957,237.90743166060497
2,practice,3,blue,0.16718232227591504,-0.15058243960844866,5.549979234115333,317.99038650005764,yellow,0.11328808391590317,-0.19439858549553102,5.240036948690136,300.2320016525547,black,0.21919679353509838,-0.0507717018025933,6.055573052979882,346.9587784688981,white,-0.22078399675408739,0.043352356075432925,2.9477029743908503,168.8909396907551,orange,-0.14743925180535794,-0.1699607808498074,3.9978283828568983,229.05869355531127
3,practice,4,red,-0.20860294668519969,0.08431969303935906,2.7574610235998906,157.99087882409765,cyan,0.16273265325194375,-0.15538044782269955,5.520894952724103,316.3239799261693,magenta,0.04282660472739309,-0.22088658159228153,4.903897920972145,280.9726540346828,black,-0.21415243214265153,-0.069019821844069,3.4533741851506417,197.8637658885615,green,0.10064249455482087,-0.2012363990181271,5.17613316782801,296.570584714226
